-- Author: Martin Čorovčák
-- Academic year: 2022/2023
-- License: MIT
-- Topic: Student Information System

-- Description
-- This script loads sample data into the Student Information System.

INSERT INTO Person (email, name, surname)
VALUES 
('jdoe@example.com', 'John', 'Doe'),
('mdoe@example.com', 'Mary', 'Doe'),
('jsmith@example.com', 'Jane', 'Smith'),
('rjones@example.com', 'Robert', 'Jones'),
('lsmith@example.com', 'Laura', 'Smith'),
('jthompson@example.com', 'Jack', 'Thompson'),
('awhite@example.com', 'Alice', 'White'),
('mjohnson@example.com', 'Mike', 'Johnson'),
('lsabina@example.com', 'Linda', 'Sabina'),
('sed@icloud.com','Adena','Figueroa'),
('diam.at@icloud.edu','Orlando','Collins'),
('ut@outlook.net','Reese','Robertson'),
('ullamcorper.duis@aol.com','Medge','Cabrera'),
('a@aol.edu','Dominique','Matthews'),
('quis.pede.suspendisse@icloud.net','Hamilton','Daniel'),
('massa@google.com','Cadman','Black'),
('in.lobortis@aol.ca','Lani','Heath'),
('enim@outlook.org','Adena','Barrett'),
('morbi@outlook.ca','Medge','Roberts'),
('pede.malesuada.vel@outlook.ca','Simone','Huffman'),
('ac@protonmail.edu','Rafael','Frederick'),
('gravida.praesent@hotmail.couk','Bruce','Prince'),
('lacus.etiam@icloud.net','Beau','Burt'),
('semper@google.edu','Eleanor','Carrillo'),
('lacus.etiam@outlook.org','Wayne','Townsend'),
('dolor.donec.fringilla@icloud.edu','Andrew','Wood'),
('massa.mauris.vestibulum@google.edu','Violet','Becker'),
('nascetur.ridiculus@aol.edu','Octavius','Holland'),
('aenean.gravida@google.org','Zeph','Simon'),
('non.sapien@hotmail.ca','Adena','Vega'),
('mi.felis@hotmail.net','Gabriel','Jenkins'),
('sodales.elit@aol.com','Ciaran','Vance'),
('ut.lacus@google.com','Hayley','Bradford'),
('vestibulum.ante@google.net','Galvin','Hebert'),
('tristique.pellentesque@google.couk','Damon','Dillard'),
('tellus.imperdiet.non@hotmail.net','Charity','Owens'),
('velit@protonmail.couk','Luke','Reyes'),
('a.dui@aol.ca','Oliver','Baird'),
('torquent.per.conubia@outlook.ca','Bryar','Gutierrez'),
('amet.lorem@yahoo.com','Beau','Conner'),
('ac.metus@yahoo.couk','Dexter','Ferguson'),
('ipsum@google.com','Cooper','Wilkerson'),
('est.mauris@aol.org','Melinda','Camacho'),
('mauris.molestie@icloud.ca','Molly','Lancaster'),
('aptent@aol.edu','Stone','Webster'),
('dui.quis.accumsan@aol.com','Hedy','Gallegos'),
('ut.pharetra@hotmail.edu','Fletcher','Holmes'),
('pede.nunc@icloud.com','Summer','Shepherd'),
('donec.at.arcu@hotmail.edu','Piper','Winters'),
('accumsan.laoreet.ipsum@outlook.couk','Sebastian','Mcdonald'),
('sem.eget@outlook.edu','Kaye','Salas'),
('rutrum.fusce@google.ca','Callie','Christian'),
('a.malesuada@aol.couk','Janna','Swanson'),
('donec.elementum.lorem@icloud.edu','Stephanie','Johns'),
('venenatis.a@outlook.edu','Barrett','Foreman'),
('vehicula.et.rutrum@hotmail.com','Lev','Myers'),
('nibh.vulputate@google.edu','Camden','Olson'),
('elit.fermentum.risus@icloud.net','Fritz','Oneal'),
('id.ante@protonmail.net','Vance','Mendoza');

INSERT INTO Teacher (teacher_id, degree, phone_number, website, office)
VALUES
(10000001, 'PhD', '555-123-4567', 'www.example.com/jdoe', 'Room 1A'),
(10000002, 'MSc', '555-123-4568', 'www.example.com/mdoe', 'Room 2B'),
(10000005, 'PhD', '555-123-4569', 'www.example.com/lsmith', 'Room 3C'),
(10000006, 'MSc', '555-123-4570', 'www.example.com/jthompson', 'Room 4D'),
(10000009, 'PhD', '555-123-4573', 'www.example.com/dbrown', 'Room 7G'),
(10000010, 'MSc', '555-123-4574', 'www.example.com/jdavis', 'Room 8H'),
(10000011, 'PhD', '555-123-4575', 'www.example.com/jmiller', 'Room 9I'),
(10000012, 'MSc', '555-123-4576', 'www.example.com/smith', 'Room 10J'),
(10000013, 'PhD', '555-123-4577', 'www.example.com/jones', 'Room 11K'),
(10000014, 'MSc', '555-123-4578', 'www.example.com/williams', 'Room 12L'),
(10000015, 'PhD', '555-123-4579', 'www.example.com/brown', 'Room 13M'),
(10000016, 'MSc', '555-123-4580', 'www.example.com/davis', 'Room 14N'),
(10000017, 'PhD', '555-123-4581', 'www.example.com/miller', 'Room 15O'),
(10000018, 'MSc', '555-123-4582', 'www.example.com/wilson', 'Room 16P'),
(10000019, 'PhD', '555-123-4583', 'www.example.com/moore', 'Room 17Q'),
(10000020, 'MSc', '555-123-4584', 'www.example.com/taylor', 'Room 18R'),
(10000021, 'PhD', '555-123-4585', 'www.example.com/anderson', 'Room 19S'),
(10000022, 'MSc', '555-123-4586', 'www.example.com/thomas', 'Room 20T'),
(10000023, 'PhD', '555-123-4587', 'www.example.com/jackson', 'Room 21U'),
(10000024, 'MSc', '555-123-4588', 'www.example.com/white', 'Room 22V'),
(10000025, 'PhD', '555-123-4589', 'www.example.com/harris', 'Room 23W');

INSERT INTO Program (program_id, name, duration_years)
VALUES
(101, 'Medicine', 6),
(102, 'Law', 5),
(103, 'History', 3),
(104, 'Biology', 3),
(105, 'Chemistry', 3),
(106, 'Physics', 3),
(107, 'Mathematics', 3),
(108, 'Informatics', 3),
(109, 'Economics', 3),
(110, 'Pharmacy', 5),
(111, 'Education', 3),
(112, 'Physical Education', 3),
(113, 'Sport', 3),
(114, 'Psychology', 3),
(115, 'Business Administration', 3);

INSERT INTO Student (student_id, program_id, study_year, admission_date, graduation_date, gpa, status, honor_status)
VALUES
(10000003, 101, 1, '2022-09-01', NULL, NULL, 'active', NULL),
(10000004, 102, 1, '2022-09-01', NULL, NULL, 'active', NULL),
(10000007, 103, 1, '2022-09-01', NULL, NULL, 'active', NULL),
(10000008, 104, 1, '2022-09-01', NULL, NULL, 'active', NULL),
(10000026, 107, 2, '2021-09-01', NULL, NULL, 'active', NULL),
(10000027, 108, 2, '2021-09-01', NULL, NULL, 'active', NULL),
(10000028, 109, 2, '2021-09-01', NULL, NULL, 'active', NULL),
(10000029, 110, 2, '2021-09-01', NULL, NULL, 'expelled', NULL),
(10000030, 111, 2, '2021-09-01', NULL, NULL, 'active', NULL),
(10000031, 112, 2, '2021-09-01', NULL, NULL, 'active', NULL),
(10000032, 113, 2, '2021-09-01', NULL, NULL, 'active', NULL),
(10000033, 114, 2, '2021-09-01', NULL, NULL, 'active', NULL),
(10000034, 115, 2, '2021-09-01', NULL, NULL, 'active', NULL),
(10000035, 101, 3, '2020-09-01', NULL, NULL, 'active', NULL),
(10000036, 102, 3, '2020-09-01', NULL, NULL, 'active', NULL),
(10000037, 103, 3, '2020-09-01', NULL, NULL, 'active', NULL),
(10000038, 104, 3, '2020-09-01', NULL, NULL, 'active', NULL),
(10000039, 105, 3, '2020-09-01', NULL, NULL, 'active', NULL),
(10000040, 106, 3, '2020-09-01', NULL, NULL, 'suspended', NULL),
(10000041, 107, 3, '2020-09-01', NULL, NULL, 'active', NULL),
(10000042, 108, 3, '2020-09-01', NULL, NULL, 'active', NULL),
(10000043, 109, 3, '2020-09-01', NULL, NULL, 'active', NULL),
(10000044, 110, 3, '2020-09-01', NULL, NULL, 'active', NULL),
(10000045, 111, 3, '2020-09-01', NULL, NULL, 'active', NULL),
(10000046, 112, 3, '2020-09-01', NULL, NULL, 'active', NULL),
(10000047, 113, 3, '2020-09-01', NULL, NULL, 'expelled', NULL),
(10000048, 114, 3, '2020-09-01', NULL, NULL, 'active', NULL),
(10000049, 115, 3, '2020-09-01', NULL, NULL, 'active', NULL),
(10000050, 101, 4, '2019-09-01', NULL, NULL, 'active', NULL),
(10000051, 102, 4, '2019-09-01', NULL, NULL, 'active', NULL),
(10000052, 103, 3, '2020-09-01', NULL, NULL, 'active', NULL),
(10000053, 104, 3, '2020-09-01', NULL, NULL, 'active', NULL),
(10000054, 105, 3, '2020-09-01', NULL, NULL, 'active', NULL),
(10000055, 106, 3, '2020-09-01', NULL, NULL, 'active', NULL),
(10000056, 107, 3, '2020-09-01', NULL, NULL, 'active', NULL),
(10000057, 108, 3, '2020-09-01', NULL, NULL, 'active', NULL);

INSERT INTO Course (course_id, name, credits, language, description, semester, garant_id, max_capacity)
VALUES
(1, 'Introduction to Programming', 5, 'English', 'Introduction to programming in C#', 0, 10000001, 10),
(2, 'Introduction to Databases', 5, 'English', 'Introduction to databases in SQL', 0, 10000002, 30),
(3, 'Introduction to Web', 5, 'English', 'Introduction to web development in ASP.NET', 1, 10000005, 30),
(4, 'Introduction to Mobile', 5, 'English', 'Introduction to mobile development in Xamarin', 1, 10000006, 30),
(5, 'Molecular Biology', 6, 'English', 'Introduction to molecular biology', 0, 10000009, 30),
(6, 'Genetics', 6, 'English', 'Introduction to genetics', 0, 10000016, 30),
(7, 'Biochemistry', 6, 'English', 'Introduction to biochemistry', 1, 10000017, 30),
(8, 'Microbiology', 6, 'English', 'Introduction to microbiology', 1, 10000018, 30),
(9, 'Introduction to Law', 6, 'English', 'Introduction to law', 0, 10000019, 30),
(10, 'Introduction to Economics', 5, 'English', 'Introduction to economics', 0, 10000010, 30),
(11, 'Introduction to Management', 5, 'English', 'Introduction to management', 1, 10000011, 30),
(12, 'Introduction to Marketing', 5, 'English', 'Introduction to marketing', 1, 10000012, 30),
(13, 'Introduction to Psychology', 5, 'English', 'Introduction to psychology', 0, 10000013, 30),
(14, 'Introduction to Sociology', 3, 'English', 'Introduction to sociology', 0, 10000014, 30),
(15, 'Introduction to Philosophy', 5, 'English', 'Introduction to philosophy', 1, 10000015, 30);

INSERT INTO Teaches (teacher_id, course_id)
VALUES
(10000001, 1),
(10000002, 2),
(10000005, 3),
(10000006, 4),
(10000009, 5),
(10000016, 6),
(10000017, 7),
(10000018, 8),
(10000019, 9),
(10000010, 10),
(10000011, 11),
(10000012, 12),
(10000013, 13),
(10000014, 14),
(10000015, 15);

INSERT INTO Enrollment (student_id, course_id, enrollment_date, grade)
VALUES
(10000003, 1, '2022-09-01', NULL),
(10000003, 2, '2022-09-01', NULL),
(10000003, 3, '2022-09-01', NULL),
(10000003, 4, '2022-09-01', NULL),
(10000003, 5, '2022-09-01', NULL),
(10000003, 6, '2022-09-01', NULL),
(10000003, 7, '2022-09-01', NULL),
(10000003, 8, '2022-09-01', NULL),
(10000003, 9, '2022-09-01', NULL),
(10000003, 10, '2022-09-01', NULL),
(10000003, 11, '2022-09-01', NULL),
(10000003, 12, '2022-09-01', NULL),
(10000003, 13, '2022-09-01', NULL),
(10000003, 14, '2022-09-01', NULL),
(10000003, 15, '2022-09-01', NULL),
(10000004, 1, '2022-09-01', NULL),
(10000004, 2, '2022-09-01', NULL),
(10000004, 3, '2022-09-01', NULL),
(10000004, 4, '2022-09-01', NULL),
(10000004, 5, '2022-09-01', NULL),
(10000004, 6, '2022-09-01', NULL),
(10000004, 7, '2022-09-01', NULL),
(10000004, 8, '2022-09-01', NULL),
(10000004, 9, '2022-09-01', NULL),
(10000004, 10, '2022-09-01', NULL),
(10000004, 11, '2022-09-01', NULL),
(10000004, 12, '2022-09-01', NULL),
(10000004, 13, '2022-09-01', NULL),
(10000004, 14, '2022-09-01', NULL),
(10000004, 15, '2022-09-01', NULL),
(10000007, 1, '2022-09-01', NULL),
(10000007, 2, '2022-09-01', NULL),
(10000007, 3, '2022-09-01', NULL),
(10000007, 4, '2022-09-01', NULL),
(10000007, 5, '2022-09-01', NULL),
(10000007, 6, '2022-09-01', NULL),
(10000007, 7, '2022-09-01', NULL),
(10000007, 8, '2022-09-01', NULL),
(10000007, 9, '2022-09-01', NULL),
(10000007, 10, '2022-09-01', NULL),
(10000007, 11, '2022-09-01', NULL),
(10000007, 12, '2022-09-01', NULL),
(10000007, 13, '2022-09-01', NULL),
(10000007, 14, '2022-09-01', NULL),
(10000007, 15, '2022-09-01', NULL),
(10000008, 1, '2022-09-01', NULL),
(10000008, 2, '2022-09-01', NULL),
(10000008, 3, '2022-09-01', NULL),
(10000008, 4, '2022-09-01', NULL),
(10000008, 5, '2022-09-01', NULL),
(10000008, 6, '2022-09-01', NULL),
(10000008, 7, '2022-09-01', NULL),
(10000008, 8, '2022-09-01', NULL),
(10000008, 9, '2022-09-01', NULL),
(10000008, 10, '2022-09-01', NULL),
(10000008, 11, '2022-09-01', NULL),
(10000008, 12, '2022-09-01', NULL),
(10000008, 13, '2022-09-01', NULL),
(10000008, 14, '2022-09-01', NULL),
(10000008, 15, '2022-09-01', NULL),
(10000026, 1, '2022-09-01', NULL),
(10000026, 2, '2022-09-01', NULL),
(10000026, 3, '2022-09-01', NULL),
(10000026, 4, '2022-09-01', NULL),
(10000026, 5, '2022-09-01', NULL),
(10000026, 6, '2022-09-01', NULL),
(10000026, 7, '2022-09-01', NULL),
(10000026, 8, '2022-09-01', NULL),
(10000026, 9, '2022-09-01', NULL),
(10000026, 10, '2022-09-01', NULL),
(10000026, 11, '2022-09-01', NULL),
(10000026, 12, '2022-09-01', NULL),
(10000026, 13, '2022-09-01', NULL),
(10000026, 14, '2022-09-01', NULL),
(10000026, 15, '2022-09-01', NULL),
(10000027, 1, '2022-09-01', NULL),
(10000027, 2, '2022-09-01', NULL),
(10000027, 3, '2022-09-01', NULL),
(10000027, 4, '2022-09-01', NULL),
(10000027, 5, '2022-09-01', NULL),
(10000027, 6, '2022-09-01', NULL),
(10000027, 7, '2022-09-01', NULL),
(10000027, 8, '2022-09-01', NULL),
(10000027, 9, '2022-09-01', NULL),
(10000027, 10, '2022-09-01', NULL),
(10000027, 11, '2022-09-01', NULL),
(10000027, 12, '2022-09-01', NULL),
(10000027, 13, '2022-09-01', NULL),
(10000027, 14, '2022-09-01', NULL),
(10000027, 15, '2022-09-01', NULL),
(10000028, 1, '2022-09-01', NULL),
(10000028, 2, '2022-09-01', NULL),
(10000028, 3, '2022-09-01', NULL),
(10000028, 4, '2022-09-01', NULL),
(10000028, 5, '2022-09-01', NULL),
(10000028, 6, '2022-09-01', NULL),
(10000028, 7, '2022-09-01', NULL),
(10000028, 8, '2022-09-01', NULL),
(10000028, 9, '2022-09-01', NULL),
(10000028, 10, '2022-09-01', NULL),
(10000028, 11, '2022-09-01', NULL),
(10000028, 12, '2022-09-01', NULL),
(10000028, 13, '2022-09-01', NULL),
(10000028, 14, '2022-09-01', NULL),
(10000028, 15, '2022-09-01', NULL),
(10000029, 1, '2022-09-01', NULL),
(10000029, 2, '2022-09-01', NULL),
(10000029, 3, '2022-09-01', NULL),
(10000029, 4, '2022-09-01', NULL),
(10000029, 5, '2022-09-01', NULL);

INSERT INTO Course_Schedule (course_id, start_time, end_time, day_of_week, location)
VALUES
(1, '08:00:00', '09:30:00', 0, 'Room 1A'),
(1, '09:00:00', '10:30:00', 2, 'Room 2A'),
(1, '10:00:00', '11:30:00', 4, 'Room 3C'),
(1, '12:00:00', '12:30:00', 6, 'Room 4D'),
(2, '15:00:00', '15:30:00', 0, 'Room 1A'),
(2, '15:00:00', '15:30:00', 2, 'Room 2A'),
(2, '16:00:00', '16:30:00', 4, 'Room 3C'),
(2, '17:00:00', '17:30:00', 6, 'Room 4D'),
(3, '08:00:00', '09:30:00', 1, 'Room 1A'),
(3, '08:00:00', '09:30:00', 3, 'Room 2A'),
(3, '10:00:00', '11:30:00', 5, 'Room 3C'),
(3, '12:00:00', '12:30:00', 0, 'Room 4D'),
(4, '15:00:00', '15:30:00', 1, 'Room 1A'),
(4, '15:00:00', '15:30:00', 3, 'Room 2A'),
(4, '16:00:00', '16:30:00', 5, 'Room 3C'),
(4, '17:00:00', '17:30:00', 0, 'Room 4D'),
(5, '08:00:00', '09:30:00', 2, 'Room 1A'),
(5, '08:00:00', '09:30:00', 4, 'Room 2A'),
(5, '10:00:00', '11:30:00', 6, 'Room 3C'),
(5, '12:00:00', '12:30:00', 1, 'Room 4D'),
(6, '15:00:00', '15:30:00', 2, 'Room 1A'),
(6, '15:00:00', '15:30:00', 4, 'Room 2A'),
(6, '16:00:00', '16:30:00', 6, 'Room 3C'),
(6, '17:00:00', '17:30:00', 1, 'Room 4D'),
(7, '08:00:00', '09:30:00', 3, 'Room 1A'),
(7, '08:00:00', '09:30:00', 5, 'Room 2A'),
(7, '10:00:00', '11:30:00', 0, 'Room 3C'),
(7, '12:00:00', '12:30:00', 2, 'Room 4D'),
(8, '15:00:00', '15:30:00', 3, 'Room 1A'),
(8, '15:00:00', '15:30:00', 5, 'Room 2A'),
(8, '16:00:00', '16:30:00', 0, 'Room 3C'),
(8, '17:00:00', '17:30:00', 2, 'Room 4D'),
(9, '08:00:00', '09:30:00', 4, 'Room 1A'),
(9, '08:00:00', '09:30:00', 6, 'Room 2A'),
(9, '10:00:00', '11:30:00', 1, 'Room 3C'),
(9, '12:00:00', '12:30:00', 3, 'Room 4D'),
(10, '15:00:00', '15:30:00', 4, 'Room 1A'),
(10, '15:00:00', '15:30:00', 6, 'Room 2A'),
(10, '16:00:00', '16:30:00', 1, 'Room 3C'),
(10, '17:00:00', '17:30:00', 3, 'Room 4D'),
(11, '08:00:00', '09:30:00', 5, 'Room 1A'),
(11, '08:00:00', '09:30:00', 0, 'Room 2A'),
(11, '10:00:00', '11:30:00', 2, 'Room 3C'),
(11, '12:00:00', '12:30:00', 4, 'Room 4D'),
(12, '15:00:00', '15:30:00', 5, 'Room 1A'),
(12, '15:00:00', '15:30:00', 0, 'Room 2A'),
(12, '16:00:00', '16:30:00', 2, 'Room 3C'),
(12, '17:00:00', '17:30:00', 4, 'Room 4D'),
(13, '08:00:00', '09:30:00', 6, 'Room 1A'),
(13, '08:00:00', '09:30:00', 1, 'Room 2A'),
(13, '10:00:00', '11:30:00', 3, 'Room 3C'),
(13, '12:00:00', '12:30:00', 5, 'Room 4D'),
(14, '15:00:00', '15:30:00', 6, 'Room 1A'),
(14, '15:00:00', '15:30:00', 1, 'Room 2A'),
(14, '16:00:00', '16:30:00', 3, 'Room 3C'),
(14, '17:00:00', '17:30:00', 5, 'Room 4D'),
(15, '08:00:00', '09:30:00', 0, 'Room 1A'),
(15, '08:00:00', '09:30:00', 2, 'Room 2A'),
(15, '10:00:00', '11:30:00', 4, 'Room 3C'),
(15, '12:00:00', '12:30:00', 6, 'Room 4D');